{"IU.KBL..BHZ.mt.am.adj": {"misfit_dlna": 0.18383021417926484, "dt": 3.4104193329073169, "misfit_dt": 0.23264728378261684, "type": "mtm", "dlna": 0.36984913249180573}, "IU.KBL..BHZ.mt.dt.adj": {"misfit_dlna": 0.18383021417926484, "dt": 3.4104193329073169, "misfit_dt": 0.23264728378261684, "type": "mtm", "dlna": 0.36984913249180573}}
